 ,RegDate,first_Name,last_Name,Email_Address,HomePhone,Street,City,State,Zipcode
1,11/12/08 10:47,Allison,Nguyen,arannon@jumpstartlab.com,6154385000,3155 19th St NW,Washington,DC,20010
2,11/12/08 13:23,SArah,Hankins,pinalevitsky@jumpstartlab.com,414-520-5000,2022 15th Street NW,Washington,DC,20009
3,11/12/08 13:30,Sarah,Xx,lqrm4462@jumpstartlab.com,(941)979-2000,4175 3rd Street North,Saint Petersburg,FL,33703
4,11/12/08 14:04,Jennifer,Cope,bjgielskil@jumpstartlab.com,704-813-3000,1133 Shelton Ave,Nashville,TN,37216
5,11/12/08 14:46,Douglas,Zimmerman,vjeller.79@jumpstartlab.com,425-274-5000,1818 Woodland Ave #101,Des Moines,IA,50309
6,11/12/08 15:00,Aya,Fuller,jtex@jumpstartlab.com,778.232.7000,2-1325 Barclay Street,Vancouver,BC,90210
7,11/12/08 16:05,Mary Kate,Curry,wmppydaymaker@jumpstartlab.com,(202) 328 1000,1509 Jackson Street,Baltimore,MD,21230
8,11/12/08 17:18,Audrey,Hasegan,ffbbieucf@jumpstartlab.com,530-919-3000,1570 Old Ranch Rd.,Placerville,CA,95667
9,11/13/08 1:32,Shiyu,Armideo,odfarg06@jumpstartlab.com,8084974000,644 Ikemaka PL,Kailua,HI,96734
10,11/13/08 16:40,Eli,Zielke,jbrabeth.buckley@jumpstartlab.com,858 405 3000,3024 Cranbrook Ct,La Jolla,CA,92037
